"rating","avg_rental_duration"
"NC-17","5.1428571428571429"
"PG","5.0824742268041237"
"PG-13","5.0538116591928251"
"G","4.8370786516853933"
"R","4.7743589743589744"
